doc_id,title,topic
policy-auth,Enterprise authentication,identity
policy-privacy,Data privacy,privacy
policy-eval,GenAI evaluation,evaluation
policy-support,Support readiness,support
policy-billing,Billing and invoices,billing
policy-observability,Production observability,operations
policy-incident,Incident response,operations
policy-onboarding,Customer onboarding,customer-success
policy-security-review,Security review,security
policy-latency,Latency and performance,performance
policy-feedback,User feedback loops,product
policy-release,Release approvals,release
